﻿qid,qname,question,force_resp,type,selector
QID16,S0,"<div><span style=""font-size:19px;""><strong>안녕하세요! </strong></span></div>

<div> </div>

<div>소프트웨어 개발자(및 코딩하는 모든 사람!)를 대상으로 가장 오랫동안 진행된 설문조사인 2023 스택 오버플로 개발자 설문조사에 참여해 주셔서 감사합니다. </div>

<div> </div>

<div>이 설문조사에는 7개의 섹션이 있습니다. 2번째, 3번째, 4번째, 5번째 섹션은 무작위 순서로 나타납니다.</div><div><br></div>

<div> 1. 기본정보</div>

<div> 2. 교육, 직업 및 경력</div>

<div> 3. 기술과 기술문화</div>

<div> 4. 스택 오버플로 사용 + 커뮤니티</div>

<div> 5. 인공 지능 </div>

<div> 6. 전문 개발자 시리즈(선택 사항)</div><div> 7. 최종 질문</div>

<div> 
<div>이 설문조사의 대부분의 질문은 선택 사항입니다. 필수 질문에는 * 표시가 있습니다. 이 익명 설문조사는 완료하는 데 약 15분 정도 소요됩니다. 한 번에 완료하는 것이 좋습니다.</div><div><br></div>
</div>

<div><strong>보안 또는 광고 차단 플러그인을 사용하는 경우 오류 메시지가 나타날 수 있습니다.</strong></div>

<div>제3자 소프트웨어 제공업체인 Qualtrics는 특정 광고 차단기 및 보안 소프트웨어와 잘 작동하지 않습니다. 설문조사에 참여하지 못하게 하는 오류 메시지를 방지하려면 설문조사에 참여하는 동안 플러그인에서 Qualtrics의 차단을 구체적으로 해제하거나 플러그인을 일시 중지해 보세요. </div>

<div> </div>

<div>시작하려면 <strong>다음</strong>을 클릭하세요.</div>",FALSE,DB,TB
QID12,MetaInfo,브라우저 메타 정보,FALSE,Meta,Browser
QID310,Q310,"<div><span style=""font-size:19px;""><strong>귀하는 개인정보 보호 규정을 준수하기 위해 귀하의 정보를 제공하는 데 동의합니다.</strong></span></div>

<div> </div>

<div>이 설문조사에 대한 귀하의 참여는 완전히 익명으로 이루어집니다.  전년도와 마찬가지로 설문조사의 익명화된 결과는 누구나 데이터를 다운로드하고 분석할 수 있는 Open Database License에 따라 공개적으로 제공됩니다. 참고로, 설문조사 전반에 걸쳐 귀하와 귀하의 동료가 제공하는 특정 답변은 개인 식별 정보로 처리되므로 익명화된 결과 파일에서 제외됩니다.  이 설문조사를 통해 수집된 정보는 Stack Overflow가 설립된 커뮤니티 정신에 따라 대중에게 제공되며 코딩하는 모든 사람을 위한 리소스로 사용됩니다. </div><div><br></div><div>""동의함""을 선택하고 이 설문조사를 제출함으로써 귀하는 귀하의 익명 답변이 공개되는 것에 자발적으로 동의함을 인정합니다.
</div>",FALSE,DB,TB
QID312,Q120, ,TRUE,MC,SAVR
QID1,S1,"<span style=""font-size:22px; 글꼴-가족: arial,helvetica,sans-serif; 글꼴-중량: 700;"">기본 정보</span><br>
<br>
<p><span style=""font-size:16px;font-family:arial,helvetica,sans-serif;"">첫 번째 섹션에서는 귀하가 누구인지에 대한 몇 가지 기본 정보에 중점을 둡니다.<br>
<br>
이 섹션의 질문은 대부분 필수입니다. 필수 질문은 *로 표시됩니다.</span></p>",FALSE,DB,TB
QID2,MainBranch,"다음 옵션 중 현재 귀하를 가장 잘 설명하는 것은 무엇입니까? 본 설문조사의 목적상 개발자는 ""코드를 작성하는 사람""입니다. *",TRUE,MC,SAVR
QID127,Age,당신의 나이는 몇 살입니까? *,TRUE,MC,MAVR
QID296,Employment,다음 중 귀하의 현재 고용 상태를 가장 잘 설명하는 것은 무엇입니까? 해당하는 항목을 모두 선택하세요.,FALSE,MC,MAVR
QID308,RemoteWork,귀하의 현재 업무 상황을 가장 잘 설명하는 것은 무엇입니까?,FALSE,MC,SAVR
QID297,CodingActivities,다음 중 업무 외적으로 작성하는 코드를 가장 잘 설명하는 것은 무엇입니까? 해당하는 항목을 모두 선택하세요.,FALSE,MC,MAVR
QID190,S2,"<span style=""font-size:22px;font-family: arial,helvetica,sans-serif;font-weight: 700;"">교육, 일 및 직업</span><br />
 
<p><span style=""font-size:16px;font-family:arial,helvetica,sans-serif;"">이 섹션에서는 교육, 직업 및 경력에 중점을 둡니다.<br />
<br />
이 섹션에 있는 대부분의 질문은 선택 사항입니다. 필수 질문은 *로 표시됩니다.</span></p>",FALSE,DB,TB
QID25,EdLevel,다음 중 귀하가 이수한 최고 수준의 정규 교육을 가장 잘 설명하는 것은 무엇입니까? *,TRUE,MC,SAVR
QID276,LearnCode,코딩을 어떻게 배우나요? 해당하는 항목을 모두 선택하세요.,FALSE,MC,MAVR
QID281,LearnCodeOnline,코딩을 배우기 위해 어떤 온라인 리소스를 사용합니까? 해당하는 항목을 모두 선택하세요.,FALSE,MC,MAVR
QID306,LearnCodeCoursesCert,코딩을 배우기 위해 어떤 온라인 강좌나 인증을 사용하시나요? 해당하는 항목을 모두 선택하세요.,FALSE,MC,MAVR
QID32,YearsCode,교육을 포함하여 총 몇 년 동안 코딩을 해오셨나요?,FALSE,MC,DL
QID34,YearsCodePro,교육을 제외하고 전문적으로(업무의 일부로) 코딩한 기간은 몇 년입니까?,FALSE,MC,DL
QID31,DevType,"다음 중 귀하의 현재 직업, 즉 대부분의 시간을 수행하는 직업을 설명하는 것은 무엇입니까? 하나만 선택해 주세요.",FALSE,MC,SAVR
QID29,OrgSize,귀하가 현재 근무하고 있는 회사나 조직의 직원 수는 대략 몇 명입니까?  여기에는 귀하의 기본 회사만 포함되어야 하며 해당되는 경우 전체 지주 회사 또는 모회사는 포함되지 않아야 합니다.,FALSE,MC,SAVR
QID278,PurchaseInfluence,귀하는 조직의 신기술 구매에 대해 개인적으로 어느 정도 영향력을 갖고 있습니까?,FALSE,MC,SAVR
QID322,TechList,"귀하의 조직에서 신기술 구매를 고려할 때 평가할 짧은 제품/서비스 목록을 받을 가능성이 더 높습니까, 아니면 스스로 조사하라는 지시를 받을 가능성이 더 높습니까?",FALSE,MC,SAVR
QID279,BuyNewTool,새로운 도구나 소프트웨어를 구입할 때 사용 가능한 솔루션을 어떻게 찾고 조사합니까? 해당하는 항목을 모두 선택하세요.,FALSE,MC,MAVR
QID6,Country,"어디 살아요? <span style=""font-weight: 더 굵게;"">*</span>",TRUE,MC,DL
QID50,Currency,여러분은 매일 어떤 화폐를 사용하시나요? 답변이 복잡할 경우 가장 편안하게 추정할 수 있는 답변을 선택하세요. *,TRUE,MC,DL
QID51,CompTotal,"현재 총 <b>연간</b> 보상은 얼마입니까(세금 및 공제 전 급여, 보너스, 혜택)? 아래 상자에 구두점 없이 정수를 입력하세요.  시간당 급여를 받는 경우 이에 상응하는 연봉을 추정해 보세요. 답변을 원하지 않으시면 해당 상자를 비워두시기 바랍니다.",FALSE,TE,SL
QID61,S3,"<span style=""font-size:22px;font-family: arial,helvetica,sans-serif;font-weight: 700;"">기술 및 기술 문화</span><br>
<br>

<p><span style=""font-size:16px;font-family:arial,helvetica,sans-serif;"">다음 질문 세트는 기술과 기술 문화에 초점을 맞춥니다.<br>
<br>
이 섹션에 있는 대부분의 질문은 선택 사항입니다. 필수 질문은 *로 표시됩니다.</span></p>",FALSE,DB,TB
QID233,Language,"지난 1년간 광범위한 개발 작업을 수행한 <b>프로그래밍, 스크립팅 및 마크업 언어</b>는 무엇이며, 내년에는 어떤 언어로 작업하고 싶습니까? (두 사람 모두 해당 언어로 작업했고 계속해서 작업하고 싶다면 해당 행의 두 확인란을 모두 선택하세요.)",FALSE,Matrix,Likert
QID262,Database,"지난 한 해 동안 어떤 <b>데이터베이스 환경</b>에서 광범위한 개발 작업을 수행했으며, 내년에는 어떤 환경에서 작업하고 싶습니까? (두 사람 모두 데이터베이스 작업을 수행했으며 계속해서 작업하려면 해당 행의 두 상자를 모두 선택하십시오.)",FALSE,Matrix,Likert
QID263,Platform,"지난 1년 동안 어떤 <b>클라우드 플랫폼</b>에서 광범위한 개발 작업을 수행했으며, 내년에는 어떤 플랫폼에서 작업하고 싶나요? (두 사람 모두 해당 플랫폼에서 작업했으며 계속해서 작업하고 싶다면 해당 행의 두 확인란을 모두 선택하세요.)",FALSE,Matrix,Likert
QID264,Webframe,"지난 한 해 동안 광범위한 개발 작업을 수행한 <b>웹 프레임워크 및 웹 기술</b>은 무엇이며, 내년에는 어떤 작업을 하고 싶습니까? (두 사람 모두 프레임워크 작업을 했고 계속해서 작업하고 싶다면 해당 행에서 두 상자를 모두 선택하세요.)",FALSE,Matrix,Likert
QID265,MiscTech,"지난 한 해 동안 어떤 <b>다른 프레임워크와 라이브러리</b>에서 광범위한 개발 작업을 수행했으며, 내년에는 어떤 프레임워크와 라이브러리에서 작업하고 싶나요? (두 사람 모두 프레임워크 작업을 했고 계속해서 작업하고 싶다면 해당 행에서 두 상자를 모두 선택하세요.)",FALSE,Matrix,Likert
QID275,ToolsTech,"지난 한 해 동안 광범위한 개발 작업을 수행한 <b>개발자</b><strong>컴파일, 빌드 및 테스트 도구</strong>는 무엇이며, 내년에는 어떤 도구를 사용하고 싶습니까? (두 사람 모두 해당 기술을 사용했으며 계속해서 해당 기술을 사용하고 싶다면 해당 행의 두 확인란을 모두 선택하세요.)",FALSE,Matrix,Likert
QID274,NEWCollabTools,"지난 1년 동안 어떤 <strong>개발 환경</strong>을 정기적으로 사용했으며, 내년에는 어떤 개발 환경을 사용하고 싶나요? 해당되는 사항을 모두 체크해주세요.",FALSE,Matrix,Likert
QID71,OpSys,귀하가 작업하는 기본 <b>운영체제</b>는 무엇입니까?,FALSE,Matrix,Likert
QID282,OfficeStackAsync,"지난 한 해 동안 어떤 <b>협업 작업 관리 및/또는 코드 문서화 도구</b>를 정기적으로 사용했으며, 내년에는 어떤 도구를 사용하고 싶습니까? 해당하는 항목을 모두 선택하세요.",FALSE,Matrix,Likert
QID307,OfficeStackSync,"지난 1년 동안 어떤 <b>커뮤니케이션 도구</b>를 정기적으로 사용했으며, 내년에는 어떤 도구를 사용하고 싶습니까? 해당하는 항목을 모두 선택하세요.",FALSE,Matrix,Likert
QID327,AISearch,"지난 1년 동안 어떤 <b>AI 기반 검색 도구</b>를 정기적으로 사용했으며, 내년에는 어떤 도구를 사용하고 싶습니까? 해당하는 항목을 모두 선택하세요.",FALSE,Matrix,Likert
QID328,AIDev,"지난 1년 동안 어떤 <b>AI 기반 개발자 도구</b>를 정기적으로 사용했으며, 내년에는 어떤 도구를 사용하고 싶습니까? 해당하는 항목을 모두 선택하세요.",FALSE,Matrix,Likert
QID91,S4,"<span style=""font-size:22px;font-family: arial,helvetica,sans-serif;font-weight: 700;"">스택 오버플로 - 사용 및 커뮤니티</span><br>
<br>

<p><span style=""font-size:16px;font-family:arial,helvetica,sans-serif;"">이 섹션에서는 스택 오버플로 사용 및 커뮤니티 질문에 중점을 둡니다.<br>
<br>
이 섹션에 있는 대부분의 질문은 선택 사항입니다. 필수 질문은 *로 표시됩니다.</span></p>",FALSE,DB,TB
QID266,NEWSOSites,다음 중 어떤 Stack Overflow 사이트를 방문해 보셨나요? 해당하는 항목을 모두 선택하세요. *,TRUE,MC,MAVR
QID100,SOVisitFreq,Stack Overflow를 얼마나 자주 방문한다고 생각하시나요?,FALSE,MC,SAVR
QID101,SOAccount,스택 오버플로 계정이 있나요?,FALSE,MC,SAVR
QID102,SOPartFreq,"Stack Overflow에 대한 Q&A에 얼마나 자주 참여하시나요? 참여란 질문에 대해 질문하고, 답변하고, 투표하거나 의견을 제시하는 것을 의미합니다.",FALSE,MC,SAVR
QID106,SOComm,자신이 Stack Overflow 커뮤니티의 회원이라고 생각하시나요?,FALSE,MC,SAVR
QID313,S5,"<span style=""font-size:22px;font-family: arial,helvetica,sans-serif;font-weight: 700;"">인공지능(AI)</span><br>
<br>

<p><span style=""font-size:16px;font-family:arial,helvetica,sans-serif;"">이 섹션에서는 AI 사용 및 정서에 중점을 둡니다</span><span style=""font-family: arial, helvetica, sans-serif; 글꼴 크기: 16px;"">.</span></p><p><span style=""font-size:16px; 글꼴 계열:arial,helvetica,sans-serif;"">
<br>
이 섹션에 있는 대부분의 질문은 선택 사항입니다. 필수 질문은 *로 표시됩니다.</span></p>",FALSE,DB,TB
QID325,SOAI,최근 인공지능(AI) 도구가 산업 전반에서 주목을 받고 있습니다. 다음 질문은 AI 기술을 사용하여 현재 경험을 개선하는 Stack Overflow(예: AI를 사용하여 질문에 대한 더 나은 제목 제안)에 대한 귀하의 관점을 묻습니다. 귀하의 답변에는 AI가 생성하여 Stack Overflow에 게시된 콘텐츠의 유무가 아니라 Stack Overflow를 사용한/그에서의 경험에 대한 이러한 종류의 개선 사항을 고려하십시오. <br><br>현재 경험을 개선하기 위해 AI 도구를 사용하는 Stack Overflow에 대해 어떻게 생각하시나요? AI가 스택 오버플로를 개선하는 데 가장 큰 도움이 될 수 있는 것은 무엇입니까?,FALSE,TE,SL
QID314,AISelect,현재 개발 프로세스에 AI 도구를 사용하고 있나요? *,TRUE,MC,SAVR
QID315,AISent,개발 워크플로의 일부로 AI 도구를 사용하는 것에 대한 귀하의 입장은 얼마나 호의적입니까?,FALSE,MC,SAVR
QID324,AIAcc,개발 워크플로우의 일부로 사용하는 AI 도구의 경우 달성하고자 하는 가장 중요한 이점은 무엇입니까? 해당되는 사항을 모두 체크해주세요.,FALSE,MC,MAVR
QID316,AIBen,개발 워크플로우의 일부로서 AI 도구의 출력 정확성을 얼마나 신뢰하십니까?,FALSE,MC,SAVR
QID319,AITool,"개발 워크플로우 중 현재 AI 도구를 사용하고 있는 부분은 무엇이며, 향후 1년 동안 AI 도구를 사용하는 데 관심이 있는 부분은 무엇입니까?  해당하는 항목을 모두 선택해 주세요.",FALSE,Matrix,Likert
QID320,AINext,"시간이 지남에 따라 귀하의 워크플로와 프로세스가 어떻게 변하는지 생각해 볼 때, 현재 사용하고 있는 AI 도구의 결과로 1년 후 귀하의 워크플로가 얼마나 유사하거나 다를 것으로 예상하십니까?",FALSE,Matrix,Likert
QID321,AIOpen,AI 발전의 결과로 1년 후에 귀하의 워크플로가 어떻게 달라질 것으로 예상하는지 설명해 주세요.,FALSE,TE,SL
QID295,S6,"<span style=""font-size:22px; 글꼴-가족: arial,helvetica,sans-serif; 글꼴-중량: 700;"">전문 개발자 시리즈</span><br>
 
<p><span style=""font-size: 16px;""></span></p>이전 펄스 설문조사 중 하나에서 우리는 사람들이 직장에서 생산성과 성장 기회를 중요하게 여기는 것으로 나타났습니다. 설문조사에 <b>전문 개발자 시리즈</b>를 추가함으로써 귀하의 생산성과 학습 기회에 영향을 미칠 수 있는 사항을 더 잘 이해하고자 합니다. <br><br>설문조사의 나머지 부분과 마찬가지로 귀하의 응답은 완전히 익명으로 처리됩니다.  이 섹션에 있는 대부분의 질문은 선택 사항입니다. 필수 질문은 *로 표시됩니다.<p><span style=""font-size: 16px;""></span></p>

<p> </p>

<p><span style=""font-size: 16px;"">블로그 게시물 - <a href=""https://stackoverflow.blog/2021/12/07/new-data-what-developers-look-for-in-future-job-opportunities/"">새 데이터: 개발자가 향후 취업 기회에서 찾는 것</a> - 2021년 12월 7일</span></p>",FALSE,DB,TB
QID299,TBranch,"<span style=""font-size:16px;"">전문 개발자 시리즈에 참여하시겠습니까? *</span>",TRUE,MC,SAVR
QID287,ICorPM,"귀하는 개인 기여자입니까, 아니면 인력 관리자입니까?",FALSE,MC,SAVR
QID288,WorkExp,귀하의 근무 경력은 몇 년입니까?,FALSE,Slider,HSLIDER
QID289,Knowledge,다음 설명에 얼마나 동의하는지 평가해 주세요.,FALSE,Matrix,Likert
QID290,Frequency,귀하는 다음 각 항목을 얼마나 자주 경험하십니까?,FALSE,Matrix,Likert
QID291,TimeSearching,"귀하는 직장에서 직면하는 문제에 대한 답이나 해결책을 찾는데 하루 평균 얼마나 많은 시간을 소비하십니까? (여기에는 스스로 검색하고, 동료에게 질문하고, 응답을 기다리는 데 소요된 시간이 포함됩니다.)",FALSE,MC,SAVR
QID292,TimeAnswering,귀하께서는 직장에서 받는 질문에 답하는 데 보통 하루 평균 얼마나 많은 시간을 보내십니까?,FALSE,MC,SAVR
QID304,ProfessionalTech,우리 회사에는 다음이 있습니다.,FALSE,MC,MAVR
QID326,Industry,당신이 일하는 회사는 어떤 업종에 종사하고 있나요?,FALSE,MC,SAVR
QID286,SOTeamsUsage,귀하의 팀은 Teams용 Stack Overflow를 사용합니까?,FALSE,MC,SAVR
QID131,S7,"<span style=""font-size:22px;""><strong>최종 질문</strong></span><div><br></div>",FALSE,DB,TB
QID132,SurveyLength,올해 설문조사 기간에 대해 어떻게 생각하시나요?,FALSE,MC,MAVR
QID133,SurveyEase,이 설문조사를 완료하는 것이 얼마나 쉬웠나요? 아니면 어려웠나요?,FALSE,MC,MAVR
QID289,Knowledge_1,나는 직속 팀 외부의 사람들과 상호 작용합니다.,,MC,MAVR
QID289,Knowledge_2,지식 사일로로 인해 조직 전체에서 아이디어를 얻을 수 없습니다(예: 한 개인이나 팀이 다른 사람과 공유하지 않는 정보를 가지고 있음).,,MC,MAVR
QID289,Knowledge_3,나는 내 업무를 수행하는 데 도움이 되는 조직 내 최신 정보를 찾을 수 있습니다.,,MC,MAVR
QID289,Knowledge_4,기존 도구와 리소스를 사용하여 질문에 대한 답변을 빠르게 찾을 수 있습니다.,,MC,MAVR
QID289,Knowledge_5,나는 질문에 대한 정보와 답변을 찾기 위해 어떤 시스템이나 리소스를 사용해야 하는지 알고 있습니다.,,MC,MAVR
QID289,Knowledge_6,나는 종종 이전에 이미 답변한 질문에 답변하는 자신을 발견합니다.,,MC,MAVR
QID289,Knowledge_7,질문에 대한 답변을 기다리다 보면 업무가 중단되거나 작업 흐름이 중단되는 경우가 많습니다.,,MC,MAVR
QID289,Knowledge_8,회사 코드/시스템/플랫폼의 모든 영역을 빠르게 이해하고 작업할 수 있는 도구 및/또는 리소스가 있다고 생각합니다.,,MC,MAVR
QID290,Frequency_1,직속 팀 외부 사람들의 도움이 필요하십니까?,,MC,MAVR
QID290,Frequency_2,직속 팀 외부의 사람들과 교류하고 계십니까?,,MC,MAVR
QID290,Frequency_3,직장에서 지식 사일로(한 개인이나 팀이 다른 개인이나 팀과 공유하거나 배포하지 않는 정보를 갖고 있는 경우)에 직면하시나요?,,MC,MAVR
