﻿qid,qname,question,force_resp,type,selector
QID2,MainBranch,"다음 옵션 중 현재 귀하를 가장 잘 설명하는 것은 무엇입니까? 본 설문조사의 목적상 개발자는 ""코드를 작성하는 사람""입니다.*",TRUE,MC,SAVR
QID127,Age,당신의 나이는 몇 살입니까?*,TRUE,MC,SAVR
QID296,Employment,다음 중 귀하의 현재 고용 상태를 가장 잘 설명하는 것은 무엇입니까? 해당하는 항목을 모두 선택하세요.*,TRUE,MC,MAVR
QID308,RemoteWork,귀하의 현재 업무 상황을 가장 잘 설명하는 것은 무엇입니까?,FALSE,MC,SAVR
QID341,Check,설문조사 질문에 주의를 기울이고 있는지 확인하세요. 목록에서 '사과'를 선택하면 설문조사로 돌아갈 수 있습니다.*<br><br>,TRUE,MC,SAVR
QID297,CodingActivities,다음 중 업무 외적으로 작성하는 코드를 가장 잘 설명하는 것은 무엇입니까? 해당하는 항목을 모두 선택하세요.,FALSE,MC,MAVR
QID25,EdLevel,다음 중 귀하가 이수한 최고 수준의 정규 교육을 가장 잘 설명하는 것은 무엇입니까? *,TRUE,MC,SAVR
QID276,LearnCode,코딩을 어떻게 배우나요? 해당하는 항목을 모두 선택하세요.,FALSE,MC,MAVR
QID281,LearnCodeOnline,코딩을 배우기 위해 어떤 온라인 리소스를 사용합니까? 해당하는 항목을 모두 선택하세요.,FALSE,MC,MAVR
QID331,TechDoc,코딩을 배우기 위해 가장 자주 사용하는 기술 문서의 출처는 무엇입니까?  해당하는 항목을 모두 선택하세요.,FALSE,MC,MAVR
QID32,YearsCode,교육을 포함하여 총 몇 년 동안 코딩을 해오셨나요?,FALSE,MC,DL
QID34,YearsCodePro,교육을 제외하고 전문적으로(업무의 일부로) 코딩한 기간은 몇 년입니까?,FALSE,MC,DL
QID31,DevType,"다음 중 귀하의 현재 직업, 즉 대부분의 시간을 수행하는 직업을 설명하는 것은 무엇입니까? 하나만 선택해 주세요.",FALSE,MC,SAVR
QID29,OrgSize,귀하가 현재 근무하고 있는 회사나 조직의 직원 수는 대략 몇 명입니까?  여기에는 귀하의 기본 회사만 포함되어야 하며 해당되는 경우 전체 지주 회사 또는 모회사는 포함되지 않아야 합니다.,FALSE,MC,SAVR
QID278,PurchaseInfluence,귀하는 조직의 신기술 구매에 대해 개인적으로 어느 정도 영향력을 갖고 있습니까?,FALSE,MC,SAVR
QID279,BuyNewTool,새로운 도구나 소프트웨어를 구입할 때 사용 가능한 솔루션을 어떻게 찾고 조사합니까? 해당하는 항목을 모두 선택하세요.,FALSE,MC,MAVR
QID330,BuildvsBuy,새로운 도구나 소프트웨어를 사용하여 직장에서 문제를 해결하기 위한 권장 사항을 제공하라는 요청을 받았을 때 다음 중 가장 최근에 선택한 것은 무엇입니까?,FALSE,MC,SAVR
QID335,TechEndorse,기술 구매를 승인할 때 가장 중요하게 생각하는 제품 기능은 무엇입니까? 해당하는 항목을 모두 선택하세요.,FALSE,MC,MAVR
QID6,Country,"어디 살아요? <span style=""font-weight: 더 굵게;"">*</span>",TRUE,MC,DL
QID50,Currency,여러분은 매일 어떤 화폐를 사용하시나요? 답변이 복잡할 경우 가장 편안하게 추정할 수 있는 답변을 선택하세요. *,TRUE,MC,DL
QID51,CompTotal,"현재 총 <b>연간</b> 보상은 얼마입니까(세금 및 공제 전 급여, 보너스, 혜택)? 아래 상자에 구두점 없이 정수를 입력하세요.  시간당 급여를 받는 경우 이에 상응하는 연봉을 추정해 보세요. 답변을 원하지 않으시면 해당 상자를 비워두시기 바랍니다.",FALSE,TE,SL
QID233,Language,"지난 1년간 광범위한 개발 작업을 수행한 <b>프로그래밍, 스크립팅 및 마크업 언어</b>는 무엇이며, 내년에는 어떤 언어로 작업하고 싶습니까? (두 사람 모두 해당 언어로 작업했고 계속해서 작업하고 싶다면 해당 행의 두 확인란을 모두 선택하세요.)",FALSE,Matrix,Likert
QID262,Database,"지난 한 해 동안 어떤 <b>데이터베이스 환경</b>에서 광범위한 개발 작업을 수행했으며, 내년에는 어떤 환경에서 작업하고 싶습니까? (두 사람 모두 데이터베이스 작업을 수행했으며 계속해서 작업하려면 해당 행의 두 상자를 모두 선택하십시오.)",FALSE,Matrix,Likert
QID263,Platform,"지난 1년 동안 어떤 <b>클라우드 플랫폼</b>에서 광범위한 개발 작업을 수행했으며, 내년에는 어떤 플랫폼에서 작업하고 싶나요? (두 사람 모두 해당 플랫폼에서 작업했으며 계속해서 작업하고 싶다면 해당 행의 두 확인란을 모두 선택하세요.)",FALSE,Matrix,Likert
QID264,Webframe,"지난 한 해 동안 광범위한 개발 작업을 수행한 <b>웹 프레임워크 및 웹 기술</b>은 무엇이며, 내년에는 어떤 작업을 하고 싶습니까? (두 사람 모두 프레임워크 작업을 했고 계속해서 작업하고 싶다면 해당 행에서 두 상자를 모두 선택하세요.)",FALSE,Matrix,Likert
QID340,Embedded,"지난 1년 동안 어떤 <b>내장형 시스템 및 기술</b>에서 광범위한 개발 작업을 수행했으며, 내년에는 어떤 분야에서 작업하고 싶습니까? (두 사람 모두 프레임워크 작업을 했고 계속해서 작업하고 싶다면 해당 행에서 두 상자를 모두 선택하세요.)",FALSE,Matrix,Likert
QID265,MiscTech,"지난 한 해 동안 어떤 <b>다른 프레임워크와 라이브러리</b>에서 광범위한 개발 작업을 수행했으며, 내년에는 어떤 프레임워크와 라이브러리에서 작업하고 싶나요? (두 사람 모두 프레임워크 작업을 했고 계속해서 작업하고 싶다면 해당 행에서 두 상자를 모두 선택하세요.)",FALSE,Matrix,Likert
QID275,ToolsTech,"지난 한 해 동안 광범위한 개발 작업을 수행한 <b>개발자</b><strong>컴파일, 빌드 및 테스트 도구</strong>는 무엇이며, 내년에는 어떤 도구를 사용하고 싶습니까? (두 사람 모두 해당 기술을 사용했으며 계속해서 해당 기술을 사용하고 싶다면 해당 행의 두 확인란을 모두 선택하세요.)",FALSE,Matrix,Likert
QID274,NEWCollabTools,"지난 1년 동안 어떤 <strong>개발 환경</strong>을 정기적으로 사용했으며, 내년에는 어떤 개발 환경을 사용하고 싶나요? 해당되는 사항을 모두 체크해주세요.",FALSE,Matrix,Likert
QID71,OpSys,귀하가 작업하는 기본 <b>운영체제</b>는 무엇입니까?,FALSE,Matrix,Likert
QID282,OfficeStackAsync,"지난 한 해 동안 어떤 <b>협업 작업 관리 및/또는 코드 문서화 도구</b>를 정기적으로 사용했으며, 내년에는 어떤 도구를 사용하고 싶습니까? 해당하는 항목을 모두 선택하세요.",FALSE,Matrix,Likert
QID307,OfficeStackSync,"지난 1년 동안 어떤 <b>커뮤니케이션 도구</b>를 정기적으로 사용했으며, 내년에는 어떤 도구를 사용하고 싶습니까? 해당하는 항목을 모두 선택하세요.",FALSE,Matrix,Likert
QID327,AISearchDev,"지난 1년 동안 어떤 <b>AI 기반 검색 및 개발자 도구</b>를 정기적으로 사용했으며, 내년에는 어떤 도구를 사용하고 싶습니까? 해당하는 항목을 모두 선택하세요.",FALSE,Matrix,Likert
QID266,NEWSOSites,다음 중 어떤 Stack Overflow 사이트를 방문해 보셨나요? 해당하는 항목을 모두 선택하세요. *,TRUE,MC,MAVR
QID100,SOVisitFreq,Stack Overflow를 얼마나 자주 방문한다고 생각하시나요?,FALSE,MC,SAVR
QID101,SOAccount,스택 오버플로 계정이 있나요?,FALSE,MC,SAVR
QID102,SOPartFreq,"Stack Overflow에 대한 Q&A에 얼마나 자주 참여하시나요? 참여란 질문에 대해 질문하고, 답변하고, 투표하거나 의견을 제시하는 것을 의미합니다.",FALSE,MC,SAVR
QID334,SOHow,스택 오버플로를 어떻게 사용하나요?  해당하는 항목을 모두 선택하세요.,FALSE,MC,MAVR
QID106,SOComm,자신이 Stack Overflow 커뮤니티의 회원이라고 생각하시나요?,FALSE,MC,SAVR
QID314,AISelect,현재 개발 프로세스에 AI 도구를 사용하고 있나요? *,TRUE,MC,SAVR
QID315,AISent,개발 워크플로의 일부로 AI 도구를 사용하는 것에 대한 귀하의 입장은 얼마나 호의적입니까?,FALSE,MC,SAVR
QID324,AIBen,개발 워크플로우의 일부로 사용하는 AI 도구의 경우 달성하고자 하는 가장 중요한 이점은 무엇입니까? 해당되는 사항을 모두 체크해주세요.,FALSE,MC,MAVR
QID316,AIAcc,개발 워크플로우의 일부로서 AI 도구의 출력 정확성을 얼마나 신뢰하십니까?,FALSE,MC,SAVR
QID343,AIComplex,개발 워크플로에서 사용하는 AI 도구는 복잡한 작업을 얼마나 잘 처리합니까?,FALSE,MC,SAVR
QID319,AITool,"개발 워크플로우 중 현재 AI 도구를 사용하고 있는 부분은 무엇이며, 향후 1년 동안 AI 도구를 사용하는 데 관심이 있는 부분은 무엇입니까?  해당하는 항목을 모두 선택해 주세요.",FALSE,Matrix,Likert
QID320,AINext,"시간이 지남에 따라 귀하의 작업과 프로세스가 어떻게 변하는지 생각해 볼 때, 현재 사용하고 있는 AI 도구가 1년 후에 귀하의 워크플로에 얼마나 통합될 것으로 예상하십니까?",FALSE,Matrix,Likert
QID338,AIThreat,AI가 현재 직업에 위협이 된다고 생각하시나요?,FALSE,MC,SAVR
QID339,AIEthics,당신에게 가장 중요한 AI 윤리적 책임은 무엇입니까?  해당하는 항목을 모두 선택하세요.,FALSE,MC,MAVR
QID346,AIChallenges,AI 코드 도우미 또는 GenAI 도구를 사용하는 회사/팀 전체가 직면한 과제는 무엇입니까? 해당하는 항목을 모두 선택하세요.,FALSE,MC,MAVR
QID299,TBranch,"<span style=""font-size:16px;"">전문 개발자 시리즈에 참여하시겠습니까? *</span>",TRUE,MC,SAVR
QID287,ICorPM,"귀하는 개인 기여자입니까, 아니면 인력 관리자입니까?",FALSE,MC,SAVR
QID288,WorkExp,귀하의 근무 경력은 몇 년입니까?,FALSE,Slider,HSLIDER
QID289,Knowledge,다음 설명에 얼마나 동의하는지 평가해 주세요.,FALSE,Matrix,Likert
QID290,Frequency,귀하는 다음 각 항목을 얼마나 자주 경험하십니까?,FALSE,Matrix,Likert
QID291,TimeSearching,"귀하는 직장에서 직면하는 문제에 대한 답이나 해결책을 찾는데 하루 평균 얼마나 많은 시간을 소비하십니까? (여기에는 스스로 검색하고, 동료에게 질문하고, 응답을 기다리는 데 소요된 시간이 포함됩니다.)",FALSE,MC,SAVR
QID292,TimeAnswering,귀하께서는 직장에서 받는 질문에 답하는 데 보통 하루 평균 얼마나 많은 시간을 보내십니까?,FALSE,MC,SAVR
QID342,Frustration,다음 중 회사의 과제 중 가장 좌절감을 느끼는 것은 무엇입니까? 해당하는 항목을 모두 선택하세요.,FALSE,MC,MAVR
QID304,ProfessionalTech,우리 회사에는 다음이 있습니다.,FALSE,MC,MAVR
QID332,ProfessionalCloud,"우리 회사에서는 애플리케이션, 데이터베이스 및 서비스가 호스팅됩니다.",FALSE,MC,SAVR
QID333,ProfessionalQuestion,"직장에서 기술적인 질문이 있을 때, 먼저 답변을 얻기 위해 어디로 가시나요?",FALSE,MC,SAVR
QID326,Industry,당신이 일하는 회사는 어떤 업종에 종사하고 있나요?,FALSE,MC,SAVR
QID336,JobSat,현재 전문 개발자 역할에 얼마나 만족하시나요?,FALSE,MC,NPS
QID337,JobSatPoints,총 100점 중에서 귀하의 만족도에 가장 큰 기여를 한 항목에 따라 귀하의 직업에 대한 다음 속성에 점수를 할당하십시오.,FALSE,CS,VRTL
QID286,SOTeamsUsage,귀하의 팀은 Teams용 Stack Overflow를 사용합니까?,FALSE,MC,SAVR
QID132,SurveyLength,올해 설문조사 기간에 대해 어떻게 생각하시나요?,FALSE,MC,MAVR
QID133,SurveyEase,이 설문조사를 완료하는 것이 얼마나 쉬웠나요? 아니면 어려웠나요?,FALSE,MC,MAVR
QID289,Knowledge_1,나는 직속 팀 외부의 사람들과 상호 작용합니다.,,MC,MAVR
QID289,Knowledge_2,지식 사일로로 인해 조직 전체에서 아이디어를 얻을 수 없습니다(예: 한 개인이나 팀이 다른 사람과 공유하지 않는 정보를 가지고 있음).,,MC,MAVR
QID289,Knowledge_3,나는 내 업무를 수행하는 데 도움이 되는 조직 내 최신 정보를 찾을 수 있습니다.,,MC,MAVR
QID289,Knowledge_4,기존 도구와 리소스를 사용하여 질문에 대한 답변을 빠르게 찾을 수 있습니다.,,MC,MAVR
QID289,Knowledge_5,나는 질문에 대한 정보와 답변을 찾기 위해 어떤 시스템이나 리소스를 사용해야 하는지 알고 있습니다.,,MC,MAVR
QID289,Knowledge_6,나는 종종 이전에 이미 답변한 질문에 답변하는 자신을 발견합니다.,,MC,MAVR
QID289,Knowledge_7,질문에 대한 답변을 기다리다 보면 업무가 중단되거나 작업 흐름이 중단되는 경우가 많습니다.,,MC,MAVR
QID289,Knowledge_8,회사 코드/시스템/플랫폼의 모든 영역을 빠르게 이해하고 작업할 수 있는 도구 및/또는 리소스가 있다고 생각합니다.,,MC,MAVR
QID289,Knowledge_9,나는 고용주에게 내가 업무를 더 잘 또는 더 빠르게 수행하는 데 도움이 되는 도구나 제품에 대해 상환해 달라고 요청했습니다.,,MC,MAVR
QID290,Frequency_1,직속 팀 외부 사람들의 도움이 필요하십니까?,,MC,MAVR
QID290,Frequency_2,직속 팀 외부의 사람들과 교류하고 계십니까?,,MC,MAVR
QID290,Frequency_3,직장에서 지식 사일로(한 개인이나 팀이 다른 개인이나 팀과 공유하거나 배포하지 않는 정보를 갖고 있는 경우)에 직면하시나요?,,MC,MAVR
QID337,JobSatPoints_1,내 팀을 위한 운전 전략,,MC,MAVR
QID337,JobSatPoints_4,오픈소스에 기여,,MC,MAVR
QID337,JobSatPoints_5,데이터 및 환경 보호,,MC,MAVR
QID337,JobSatPoints_6,코드 품질 및 개발자 환경 개선,,MC,MAVR
QID337,JobSatPoints_7,"플랫폼, API, 라이브러리를 포함한 새로운 기술 학습 및 사용",,MC,MAVR
QID337,JobSatPoints_8,"환경, 데이터베이스 및 아키텍처의 모든 것을 설계하고 구축합니다.",,MC,MAVR
QID337,JobSatPoints_9,"다른 사람들이 답변과 지침을 얻기 위해 찾는 도구, 개발자 언어 또는 프로세스의 고급 사용자가 됩니다.",,MC,MAVR
QID337,JobSatPoints_10,새로운 및/또는 최고 품질의 하드웨어로 작업,,MC,MAVR
QID337,JobSatPoints_11,관찰 가능성을 높여 네트워크 또는 런타임 문제를 쉽게 해결하고 수정할 수 있는 충분한 인력/소스를 갖춘 내부 네트워크,,MC,MAVR
